id,batchID,batchIDLastChangedAt,gameID,gameIDLastChangedAt,playerID,playerIDLastChangedAt,roundID,roundIDLastChangedAt,stageID,stageIDLastChangedAt
01JVN1BBEEHZMHT5HY94JXXTDS,01JVN0HG625XH382X4PTR2KFHP,2025-05-19T15:46:51.47091-04:00,01JVN0HG6F9FV33B7XAJZQDTRH,2025-05-19T15:46:51.47091-04:00,01JVN0Q6YAZ41Q9MK1Q0SNZV36,2025-05-19T15:46:51.47091-04:00,01JVN0WPE0EKSND0V8741SZ21Y,2025-05-19T15:46:51.47091-04:00,01JVN0WPEN26PPGGV1V7GDBHK5,2025-05-19T15:46:51.47091-04:00
01JVN0MQRQ0XB19VPX81WNWBND,01JVMZGYJ85AM4Y1HBTW9BJ9SH,2025-05-19T15:34:30.423065-04:00,01JVMZGYJYHNJ38YB871XB1K70,2025-05-19T15:34:30.423065-04:00,01JVN0GWM1WEJQHYFY8YZY2XSJ,2025-05-19T15:34:30.423065-04:00,01JVN0H2EMHSS9DNJQQ8SK6VMH,2025-05-19T15:34:30.423065-04:00,01JVN0H2EY364PS1ES9ASQ0Y1H,2025-05-19T15:34:30.423065-04:00
01JVN13CP2ZAW1CEYPK8SJ33WE,01JVMZGYJ85AM4Y1HBTW9BJ9SH,2025-05-19T15:42:30.594627-04:00,01JVMZGYJYHNJ38YB871XB1K70,2025-05-19T15:42:30.594627-04:00,01JVN0GWM1WEJQHYFY8YZY2XSJ,2025-05-19T15:42:30.594627-04:00,01JVN0H2EMHSS9DNJQRPCHB8JQ,2025-05-19T15:42:30.594627-04:00,01JVN0H2FBHDBH0E8ZYTH5Q69M,2025-05-19T15:42:30.594627-04:00
01JVN17P71VXK2K7XRXS2WEZ9M,01JVN0HG625XH382X4PTR2KFHP,2025-05-19T15:44:51.425888-04:00,01JVN0HG6F9FV33B7XAJZQDTRH,2025-05-19T15:44:51.425888-04:00,01JVN0W8YX15Y94JM3DY4BT6PW,2025-05-19T15:44:51.425888-04:00,01JVN0WPE0EKSND0V86AFPCGCV,2025-05-19T15:44:51.425888-04:00,01JVN0WPEJR1R210R7Z6HE5ZJB,2025-05-19T15:44:51.425888-04:00
01JVN17P722T2XQ2HZTBJ998X8,01JVN0HG625XH382X4PTR2KFHP,2025-05-19T15:44:51.426059-04:00,01JVN0HG6F9FV33B7XAJZQDTRH,2025-05-19T15:44:51.426059-04:00,01JVN0Q6YAZ41Q9MK1Q0SNZV36,2025-05-19T15:44:51.426059-04:00,01JVN0WPE0EKSND0V86AFPCGCV,2025-05-19T15:44:51.426059-04:00,01JVN0WPEJR1R210R7Z6HE5ZJB,2025-05-19T15:44:51.426059-04:00
01JVN10BR4YBTNQA83FVF0EDF5,01JVN0HG625XH382X4PTR2KFHP,2025-05-19T15:40:51.332867-04:00,01JVN0HG6F9FV33B7XAJZQDTRH,2025-05-19T15:40:51.332867-04:00,01JVN0W8YX15Y94JM3DY4BT6PW,2025-05-19T15:40:51.332867-04:00,01JVN0WPDZKD4GGFR46GERS5M0,2025-05-19T15:40:51.332867-04:00,01JVN0WPEAV9EPGK1W19J0WJ8X,2025-05-19T15:40:51.332867-04:00
01JVN140ZKD04PV1SJW0XQWK51,01JVN0HG625XH382X4PTR2KFHP,2025-05-19T15:42:51.379824-04:00,01JVN0HG6F9FV33B7XAJZQDTRH,2025-05-19T15:42:51.379824-04:00,01JVN0W8YX15Y94JM3DY4BT6PW,2025-05-19T15:42:51.379824-04:00,01JVN0WPE0EKSND0V85WK3GEB9,2025-05-19T15:42:51.379824-04:00,01JVN0WPEEAE462SXT46DXG2QX,2025-05-19T15:42:51.379824-04:00
01JVN1EHQXNPVJD7B1J5KC6XAT,01JVN0HG625XH382X4PTR2KFHP,2025-05-19T15:48:36.221995-04:00,01JVN0HG6F9FV33B7XAJZQDTRH,2025-05-19T15:48:36.221995-04:00,01JVN0Q6YAZ41Q9MK1Q0SNZV36,2025-05-19T15:48:36.221995-04:00,01JVN0WPE1GJT0R459BBRJKYR2,2025-05-19T15:48:36.221995-04:00,01JVN0WPESJ7RE0JK14B6PMQJD,2025-05-19T15:48:36.221995-04:00
01JVN0H2H5Z2F4N27YV7JHB449,01JVMZGYJ85AM4Y1HBTW9BJ9SH,2025-05-19T15:32:30.373284-04:00,01JVMZGYJYHNJ38YB871XB1K70,2025-05-19T15:32:30.373284-04:00,01JVN0GWM1WEJQHYFY8YZY2XSJ,2025-05-19T15:32:30.373284-04:00,01JVN0H2EJRGHSJNEKZXQ8164H,2025-05-19T15:32:30.373284-04:00,01JVN0H2EVW5X1GNJ0AAH36QAQ,2025-05-19T15:32:30.373284-04:00
01JVN0MQRQ0XB19VPX8DCE7YAH,01JVMZGYJ85AM4Y1HBTW9BJ9SH,2025-05-19T15:34:30.42322-04:00,01JVMZGYJYHNJ38YB871XB1K70,2025-05-19T15:34:30.42322-04:00,01JVN04FDNH3DXRKTSQT3Y7TQD,2025-05-19T15:34:30.42322-04:00,01JVN0H2EMHSS9DNJQQ8SK6VMH,2025-05-19T15:34:30.42322-04:00,01JVN0H2EY364PS1ES9ASQ0Y1H,2025-05-19T15:34:30.42322-04:00
01JVN0WPGN7E4VF62FBKQBFEAR,01JVN0HG625XH382X4PTR2KFHP,2025-05-19T15:38:51.285069-04:00,01JVN0HG6F9FV33B7XAJZQDTRH,2025-05-19T15:38:51.285069-04:00,01JVN0W8YX15Y94JM3DY4BT6PW,2025-05-19T15:38:51.285069-04:00,01JVN0WPDY41WPN2B42CQR9M4A,2025-05-19T15:38:51.285069-04:00,01JVN0WPE68T5N1DQ21T9TFQ3N,2025-05-19T15:38:51.285069-04:00
01JVN0WPGN7E4VF62FC0BXBH8T,01JVN0HG625XH382X4PTR2KFHP,2025-05-19T15:38:51.285197-04:00,01JVN0HG6F9FV33B7XAJZQDTRH,2025-05-19T15:38:51.285197-04:00,01JVN0Q6YAZ41Q9MK1Q0SNZV36,2025-05-19T15:38:51.285197-04:00,01JVN0WPDY41WPN2B42CQR9M4A,2025-05-19T15:38:51.285197-04:00,01JVN0WPE68T5N1DQ21T9TFQ3N,2025-05-19T15:38:51.285197-04:00
01JVN0W27ARTT9B3W0AAKH23M4,01JVMZGYJ85AM4Y1HBTW9BJ9SH,2025-05-19T15:38:30.506236-04:00,01JVMZGYJYHNJ38YB871XB1K70,2025-05-19T15:38:30.506236-04:00,01JVN04FDNH3DXRKTSQT3Y7TQD,2025-05-19T15:38:30.506236-04:00,01JVN0H2EMHSS9DNJQQN2WT08M,2025-05-19T15:38:30.506236-04:00,01JVN0H2F60P373JX9HHFDDEC7,2025-05-19T15:38:30.506236-04:00
01JVN0ZQET7GWJ9JNNFMFR44JB,01JVMZGYJ85AM4Y1HBTW9BJ9SH,2025-05-19T15:40:30.554315-04:00,01JVMZGYJYHNJ38YB871XB1K70,2025-05-19T15:40:30.554315-04:00,01JVN04FDNH3DXRKTSQT3Y7TQD,2025-05-19T15:40:30.554315-04:00,01JVN0H2EMHSS9DNJQR69RCRZY,2025-05-19T15:40:30.554315-04:00,01JVN0H2F8FEX9TNH522GTG68N,2025-05-19T15:40:30.554315-04:00
01JVN0ZQET7GWJ9JNNFV46WNXH,01JVMZGYJ85AM4Y1HBTW9BJ9SH,2025-05-19T15:40:30.554447-04:00,01JVMZGYJYHNJ38YB871XB1K70,2025-05-19T15:40:30.554447-04:00,01JVN0GWM1WEJQHYFY8YZY2XSJ,2025-05-19T15:40:30.554447-04:00,01JVN0H2EMHSS9DNJQR69RCRZY,2025-05-19T15:40:30.554447-04:00,01JVN0H2F8FEX9TNH522GTG68N,2025-05-19T15:40:30.554447-04:00
01JVN10BR4YBTNQA83FK58A1VH,01JVN0HG625XH382X4PTR2KFHP,2025-05-19T15:40:51.332754-04:00,01JVN0HG6F9FV33B7XAJZQDTRH,2025-05-19T15:40:51.332754-04:00,01JVN0Q6YAZ41Q9MK1Q0SNZV36,2025-05-19T15:40:51.332754-04:00,01JVN0WPDZKD4GGFR46GERS5M0,2025-05-19T15:40:51.332754-04:00,01JVN0WPEAV9EPGK1W19J0WJ8X,2025-05-19T15:40:51.332754-04:00
01JVN0H2H5Z2F4N27YVPVZRRV5,01JVMZGYJ85AM4Y1HBTW9BJ9SH,2025-05-19T15:32:30.373371-04:00,01JVMZGYJYHNJ38YB871XB1K70,2025-05-19T15:32:30.373371-04:00,01JVN04FDNH3DXRKTSQT3Y7TQD,2025-05-19T15:32:30.373371-04:00,01JVN0H2EJRGHSJNEKZXQ8164H,2025-05-19T15:32:30.373371-04:00,01JVN0H2EVW5X1GNJ0AAH36QAQ,2025-05-19T15:32:30.373371-04:00
01JVN0RCZYFVEKQZXG9ZGPAWZF,01JVMZGYJ85AM4Y1HBTW9BJ9SH,2025-05-19T15:36:30.462387-04:00,01JVMZGYJYHNJ38YB871XB1K70,2025-05-19T15:36:30.462387-04:00,01JVN04FDNH3DXRKTSQT3Y7TQD,2025-05-19T15:36:30.462387-04:00,01JVN0H2EMHSS9DNJQPT1P8G3D,2025-05-19T15:36:30.462387-04:00,01JVN0H2F2G73WW0N6Y8M2099P,2025-05-19T15:36:30.462387-04:00
01JVN0RCZYFVEKQZXGAE317YSY,01JVMZGYJ85AM4Y1HBTW9BJ9SH,2025-05-19T15:36:30.462504-04:00,01JVMZGYJYHNJ38YB871XB1K70,2025-05-19T15:36:30.462504-04:00,01JVN0GWM1WEJQHYFY8YZY2XSJ,2025-05-19T15:36:30.462504-04:00,01JVN0H2EMHSS9DNJQPT1P8G3D,2025-05-19T15:36:30.462504-04:00,01JVN0H2F2G73WW0N6Y8M2099P,2025-05-19T15:36:30.462504-04:00
01JVN0W27ARTT9B3W09QSS78BV,01JVMZGYJ85AM4Y1HBTW9BJ9SH,2025-05-19T15:38:30.506095-04:00,01JVMZGYJYHNJ38YB871XB1K70,2025-05-19T15:38:30.506095-04:00,01JVN0GWM1WEJQHYFY8YZY2XSJ,2025-05-19T15:38:30.506095-04:00,01JVN0H2EMHSS9DNJQQN2WT08M,2025-05-19T15:38:30.506095-04:00,01JVN0H2F60P373JX9HHFDDEC7,2025-05-19T15:38:30.506095-04:00
01JVN13CP2ZAW1CEYPJV0V8D0N,01JVMZGYJ85AM4Y1HBTW9BJ9SH,2025-05-19T15:42:30.594459-04:00,01JVMZGYJYHNJ38YB871XB1K70,2025-05-19T15:42:30.594459-04:00,01JVN04FDNH3DXRKTSQT3Y7TQD,2025-05-19T15:42:30.594459-04:00,01JVN0H2EMHSS9DNJQRPCHB8JQ,2025-05-19T15:42:30.594459-04:00,01JVN0H2FBHDBH0E8ZYTH5Q69M,2025-05-19T15:42:30.594459-04:00
01JVN140ZKD04PV1SJWESRSTZH,01JVN0HG625XH382X4PTR2KFHP,2025-05-19T15:42:51.379952-04:00,01JVN0HG6F9FV33B7XAJZQDTRH,2025-05-19T15:42:51.379952-04:00,01JVN0Q6YAZ41Q9MK1Q0SNZV36,2025-05-19T15:42:51.379952-04:00,01JVN0WPE0EKSND0V85WK3GEB9,2025-05-19T15:42:51.379952-04:00,01JVN0WPEEAE462SXT46DXG2QX,2025-05-19T15:42:51.379952-04:00
01JVN1BBEF71KHPGAX7SP5T23T,01JVN0HG625XH382X4PTR2KFHP,2025-05-19T15:46:51.471065-04:00,01JVN0HG6F9FV33B7XAJZQDTRH,2025-05-19T15:46:51.471065-04:00,01JVN0W8YX15Y94JM3DY4BT6PW,2025-05-19T15:46:51.471065-04:00,01JVN0WPE0EKSND0V8741SZ21Y,2025-05-19T15:46:51.471065-04:00,01JVN0WPEN26PPGGV1V7GDBHK5,2025-05-19T15:46:51.471065-04:00
01JVN1EHQYZSZV0PRZB32T3B14,01JVN0HG625XH382X4PTR2KFHP,2025-05-19T15:48:36.222076-04:00,01JVN0HG6F9FV33B7XAJZQDTRH,2025-05-19T15:48:36.222076-04:00,01JVN0W8YX15Y94JM3DY4BT6PW,2025-05-19T15:48:36.222076-04:00,01JVN0WPE1GJT0R459BBRJKYR2,2025-05-19T15:48:36.222076-04:00,01JVN0WPESJ7RE0JK14B6PMQJD,2025-05-19T15:48:36.222076-04:00
